-- RouteForge demo seed data for RF-DB-004.
--
-- Prerequisite:
-- Create matching demo auth users through InsForge Auth before importing this file.
-- This seed intentionally does not write to auth.users because auth is InsForge-managed.

do $$
declare
  missing_auth_user_ids uuid[];
begin
  select array_agg(required_auth_user_id order by required_auth_user_id)
  into missing_auth_user_ids
  from (
    values
      ('aaaaaaaa-1111-4111-8111-111111111111'::uuid),
      ('aaaaaaaa-2222-4222-8222-222222222222'::uuid),
      ('aaaaaaaa-3333-4333-8333-333333333333'::uuid),
      ('aaaaaaaa-4444-4444-8444-444444444444'::uuid),
      ('aaaaaaaa-5555-4555-8555-555555555555'::uuid)
  ) as required(required_auth_user_id)
  where not exists (
    select 1
    from auth.users users
    where users.id = required.required_auth_user_id
  );

  if missing_auth_user_ids is not null then
    raise exception
      'Missing demo auth.users rows. Create these auth users first: %',
      missing_auth_user_ids;
  end if;
end;
$$;

insert into public.companies (
  id,
  name,
  slug,
  country_code,
  default_language,
  logo_url,
  stamp_url
)
values (
  '11111111-1111-4111-8111-111111111111',
  'Ivanov Transport',
  'ivanov-transport',
  'DE',
  'de',
  null,
  'companies/11111111-1111-4111-8111-111111111111/assets/stamp.png'
)
on conflict (id) do update
set
  name = excluded.name,
  slug = excluded.slug,
  country_code = excluded.country_code,
  default_language = excluded.default_language,
  logo_url = excluded.logo_url,
  stamp_url = excluded.stamp_url,
  updated_at = now();

insert into public.depots (
  id,
  company_id,
  name,
  code,
  address_line_1,
  postal_code,
  city,
  country_code,
  latitude,
  longitude,
  geofence_radius_meters,
  is_active
)
values (
  '22222222-2222-4222-8222-222222222222',
  '11111111-1111-4111-8111-111111111111',
  'Amazon Heavy Bulky Mannheim',
  'HBW3',
  'Essener Strasse 1',
  '68219',
  'Mannheim',
  'DE',
  49.441900,
  8.484500,
  350,
  true
)
on conflict (id) do update
set
  name = excluded.name,
  code = excluded.code,
  address_line_1 = excluded.address_line_1,
  postal_code = excluded.postal_code,
  city = excluded.city,
  country_code = excluded.country_code,
  latitude = excluded.latitude,
  longitude = excluded.longitude,
  geofence_radius_meters = excluded.geofence_radius_meters,
  is_active = excluded.is_active,
  updated_at = now();

insert into public.profiles (
  id,
  auth_user_id,
  company_id,
  primary_depot_id,
  role,
  status,
  payment_mode,
  daily_fixed_minutes,
  hourly_max_minutes,
  preferred_language,
  full_name,
  email,
  phone,
  birth_date,
  address_line_1,
  postal_code,
  city,
  steuer_id,
  iban,
  id_card_document_url,
  driver_license_document_url,
  registration_document_url,
  bank_document_url,
  approved_at,
  approved_by
)
values
  (
    '33333333-3333-4333-8333-333333333333',
    'aaaaaaaa-1111-4111-8111-111111111111',
    '11111111-1111-4111-8111-111111111111',
    null,
    'admin',
    'active',
    'hourly',
    500,
    600,
    'de',
    'Nikolay Ivanov',
    'admin@ivanov-transport.example',
    '+49 621 100000',
    null,
    null,
    null,
    'Mannheim',
    null,
    null,
    null,
    null,
    null,
    null,
    '2026-06-01 08:00:00+02',
    null
  ),
  (
    '44444444-4444-4444-8444-444444444444',
    'aaaaaaaa-2222-4222-8222-222222222222',
    '11111111-1111-4111-8111-111111111111',
    '22222222-2222-4222-8222-222222222222',
    'dispatcher',
    'active',
    'hourly',
    500,
    600,
    'de',
    'Anna Weber',
    'dispatcher@ivanov-transport.example',
    '+49 621 100001',
    null,
    null,
    null,
    'Mannheim',
    null,
    null,
    null,
    null,
    null,
    null,
    '2026-06-01 09:00:00+02',
    '33333333-3333-4333-8333-333333333333'
  ),
  (
    '55555555-5555-4555-8555-555555555555',
    'aaaaaaaa-3333-4333-8333-333333333333',
    '11111111-1111-4111-8111-111111111111',
    '22222222-2222-4222-8222-222222222222',
    'courier',
    'active',
    'hourly',
    500,
    600,
    'de',
    'Jonas Becker',
    'jonas.becker@example.test',
    '+49 170 100010',
    '1992-04-14',
    'Rheinstrasse 10',
    '68159',
    'Mannheim',
    null,
    null,
    'companies/11111111-1111-4111-8111-111111111111/couriers/55555555-5555-4555-8555-555555555555/docs/id-card.pdf',
    'companies/11111111-1111-4111-8111-111111111111/couriers/55555555-5555-4555-8555-555555555555/docs/driving-license.pdf',
    null,
    null,
    '2026-06-02 10:00:00+02',
    '33333333-3333-4333-8333-333333333333'
  ),
  (
    '66666666-6666-4666-8666-666666666666',
    'aaaaaaaa-4444-4444-8444-444444444444',
    '11111111-1111-4111-8111-111111111111',
    '22222222-2222-4222-8222-222222222222',
    'courier',
    'active',
    'daily_fixed',
    500,
    600,
    'bg',
    'Mila Schneider',
    'mila.schneider@example.test',
    '+49 170 100011',
    '1989-11-03',
    'Neckarauer Strasse 42',
    '68199',
    'Mannheim',
    null,
    null,
    'companies/11111111-1111-4111-8111-111111111111/couriers/66666666-6666-4666-8666-666666666666/docs/id-card.pdf',
    'companies/11111111-1111-4111-8111-111111111111/couriers/66666666-6666-4666-8666-666666666666/docs/driving-license.pdf',
    null,
    null,
    '2026-06-02 10:15:00+02',
    '33333333-3333-4333-8333-333333333333'
  ),
  (
    '77777777-7777-4777-8777-777777777777',
    'aaaaaaaa-5555-4555-8555-555555555555',
    '11111111-1111-4111-8111-111111111111',
    '22222222-2222-4222-8222-222222222222',
    'courier',
    'pending_approval',
    'hourly',
    500,
    600,
    'de',
    'Aleks Petrov',
    'aleks.petrov@example.test',
    '+49 170 100012',
    '1997-02-21',
    'Hafenstrasse 7',
    '68159',
    'Mannheim',
    null,
    null,
    null,
    null,
    null,
    null,
    null,
    null
  )
on conflict (id) do update
set
  auth_user_id = excluded.auth_user_id,
  company_id = excluded.company_id,
  primary_depot_id = excluded.primary_depot_id,
  role = excluded.role,
  status = excluded.status,
  payment_mode = excluded.payment_mode,
  daily_fixed_minutes = excluded.daily_fixed_minutes,
  hourly_max_minutes = excluded.hourly_max_minutes,
  preferred_language = excluded.preferred_language,
  full_name = excluded.full_name,
  email = excluded.email,
  phone = excluded.phone,
  birth_date = excluded.birth_date,
  address_line_1 = excluded.address_line_1,
  postal_code = excluded.postal_code,
  city = excluded.city,
  steuer_id = excluded.steuer_id,
  iban = excluded.iban,
  id_card_document_url = excluded.id_card_document_url,
  driver_license_document_url = excluded.driver_license_document_url,
  registration_document_url = excluded.registration_document_url,
  bank_document_url = excluded.bank_document_url,
  approved_at = excluded.approved_at,
  approved_by = excluded.approved_by,
  updated_at = now();

insert into public.profile_depot_access (
  id,
  company_id,
  profile_id,
  depot_id,
  created_by,
  created_at
)
values (
  '44444444-2222-4444-8444-444444444444',
  '11111111-1111-4111-8111-111111111111',
  '44444444-4444-4444-8444-444444444444',
  '22222222-2222-4222-8222-222222222222',
  '33333333-3333-4333-8333-333333333333',
  '2026-06-01 09:05:00+02'
)
on conflict on constraint profile_depot_access_profile_depot_key do update
set
  created_by = excluded.created_by,
  created_at = excluded.created_at;

insert into public.invitations (
  id,
  company_id,
  email,
  role,
  invite_code,
  depot_id,
  status,
  expires_at,
  used_at,
  used_by,
  created_by,
  created_at
)
values
  (
    '1a1a1a1a-0001-4000-8000-000000000001',
    '11111111-1111-4111-8111-111111111111',
    'jonas.becker@example.test',
    'courier',
    'HBW3-JONAS',
    '22222222-2222-4222-8222-222222222222',
    'used',
    '2026-06-09 10:00:00+02',
    '2026-06-02 09:30:00+02',
    '55555555-5555-4555-8555-555555555555',
    '33333333-3333-4333-8333-333333333333',
    '2026-06-02 09:00:00+02'
  ),
  (
    '1a1a1a1a-0002-4000-8000-000000000002',
    '11111111-1111-4111-8111-111111111111',
    'mila.schneider@example.test',
    'courier',
    'HBW3-MILA',
    '22222222-2222-4222-8222-222222222222',
    'used',
    '2026-06-09 10:00:00+02',
    '2026-06-02 09:45:00+02',
    '66666666-6666-4666-8666-666666666666',
    '33333333-3333-4333-8333-333333333333',
    '2026-06-02 09:05:00+02'
  ),
  (
    '1a1a1a1a-0003-4000-8000-000000000003',
    '11111111-1111-4111-8111-111111111111',
    'aleks.petrov@example.test',
    'courier',
    'HBW3-ALEKS',
    '22222222-2222-4222-8222-222222222222',
    'used',
    '2026-06-16 10:00:00+02',
    '2026-06-10 14:25:00+02',
    '77777777-7777-4777-8777-777777777777',
    '33333333-3333-4333-8333-333333333333',
    '2026-06-10 14:00:00+02'
  ),
  (
    '1a1a1a1a-0004-4000-8000-000000000004',
    '11111111-1111-4111-8111-111111111111',
    'new.courier@example.test',
    'courier',
    'HBW3-READY',
    '22222222-2222-4222-8222-222222222222',
    'active',
    '2026-07-02 12:00:00+02',
    null,
    null,
    '33333333-3333-4333-8333-333333333333',
    '2026-06-25 12:00:00+02'
  )
on conflict on constraint invitations_invite_code_key do update
set
  email = excluded.email,
  role = excluded.role,
  depot_id = excluded.depot_id,
  status = excluded.status,
  expires_at = excluded.expires_at,
  used_at = excluded.used_at,
  used_by = excluded.used_by,
  created_by = excluded.created_by,
  created_at = excluded.created_at;

insert into public.shifts (
  id,
  company_id,
  depot_id,
  courier_profile_id,
  shift_date,
  start_time,
  end_time,
  gross_minutes,
  break_minutes,
  net_minutes,
  billable_minutes,
  billable_source,
  billable_override_reason,
  billable_override_by,
  billable_override_at,
  auto_stopped_at_max_hours,
  payment_mode_snapshot,
  van_plate,
  start_km,
  end_km,
  packages_delivered,
  packages_returned,
  packages_picked_up,
  total_stops,
  courier_note,
  signature_url,
  signed_at,
  status,
  submitted_at,
  approved_at,
  approved_by,
  rejection_reason
)
values
  (
    '88888888-0001-4888-8888-888888888801',
    '11111111-1111-4111-8111-111111111111',
    '22222222-2222-4222-8222-222222222222',
    '55555555-5555-4555-8555-555555555555',
    '2026-06-22',
    '2026-06-22 08:15:00+02',
    null,
    0,
    0,
    0,
    0,
    'auto',
    null,
    null,
    null,
    false,
    'hourly',
    'MA-RF 101',
    42100,
    42100,
    0,
    0,
    0,
    null,
    'Entwurf fuer laufende Tagesschicht.',
    null,
    null,
    'draft',
    null,
    null,
    null,
    null
  ),
  (
    '88888888-0002-4888-8888-888888888802',
    '11111111-1111-4111-8111-111111111111',
    '22222222-2222-4222-8222-222222222222',
    '55555555-5555-4555-8555-555555555555',
    '2026-06-23',
    '2026-06-23 08:00:00+02',
    '2026-06-23 16:30:00+02',
    510,
    30,
    480,
    480,
    'auto',
    null,
    null,
    null,
    false,
    'hourly',
    'MA-RF 101',
    42100,
    42286,
    22,
    3,
    2,
    27,
    'Start ausserhalb Depot wegen Stau am Tor.',
    'companies/11111111-1111-4111-8111-111111111111/reports/88888888-0002-4888-8888-888888888802/signature.png',
    '2026-06-23 16:42:00+02',
    'submitted',
    '2026-06-23 16:45:00+02',
    null,
    null,
    null
  ),
  (
    '88888888-0003-4888-8888-888888888803',
    '11111111-1111-4111-8111-111111111111',
    '22222222-2222-4222-8222-222222222222',
    '66666666-6666-4666-8666-666666666666',
    '2026-06-23',
    '2026-06-23 07:45:00+02',
    '2026-06-23 16:20:00+02',
    515,
    30,
    485,
    500,
    'auto',
    null,
    null,
    null,
    false,
    'daily_fixed',
    'MA-RF 202',
    18840,
    19012,
    25,
    1,
    4,
    30,
    'Mentor Screenshot ist hochgeladen.',
    'companies/11111111-1111-4111-8111-111111111111/reports/88888888-0003-4888-8888-888888888803/signature.png',
    '2026-06-23 16:31:00+02',
    'approved',
    '2026-06-23 16:35:00+02',
    '2026-06-24 09:10:00+02',
    '33333333-3333-4333-8333-333333333333',
    null
  ),
  (
    '88888888-0004-4888-8888-888888888804',
    '11111111-1111-4111-8111-111111111111',
    '22222222-2222-4222-8222-222222222222',
    '55555555-5555-4555-8555-555555555555',
    '2026-06-24',
    '2026-06-24 08:05:00+02',
    '2026-06-24 15:05:00+02',
    420,
    30,
    390,
    390,
    'auto',
    null,
    null,
    null,
    false,
    'hourly',
    'MA-RF 101',
    42286,
    42410,
    18,
    6,
    1,
    24,
    'Fahrtenbuch Foto ist nicht lesbar.',
    'companies/11111111-1111-4111-8111-111111111111/reports/88888888-0004-4888-8888-888888888804/signature.png',
    '2026-06-24 15:12:00+02',
    'rejected',
    '2026-06-24 15:14:00+02',
    null,
    null,
    'Fahrtenbuch Foto ist unlesbar. Bitte neu hochladen.'
  ),
  (
    '88888888-0005-4888-8888-888888888805',
    '11111111-1111-4111-8111-111111111111',
    '22222222-2222-4222-8222-222222222222',
    '66666666-6666-4666-8666-666666666666',
    '2026-06-24',
    '2026-06-24 08:00:00+02',
    '2026-06-24 17:10:00+02',
    550,
    45,
    505,
    520,
    'manual_override',
    'Zusatzzeit fuer zweite Zustellfahrt nach Disposition.',
    '33333333-3333-4333-8333-333333333333',
    '2026-06-25 09:05:00+02',
    false,
    'daily_fixed',
    'MA-RF 202',
    19012,
    19218,
    29,
    2,
    3,
    34,
    'Zweite Tour nach Ruecksprache mit Disposition.',
    'companies/11111111-1111-4111-8111-111111111111/reports/88888888-0005-4888-8888-888888888805/signature.png',
    '2026-06-24 17:22:00+02',
    'corrected',
    '2026-06-24 17:25:00+02',
    null,
    null,
    null
  )
on conflict (id) do update
set
  company_id = excluded.company_id,
  depot_id = excluded.depot_id,
  courier_profile_id = excluded.courier_profile_id,
  shift_date = excluded.shift_date,
  start_time = excluded.start_time,
  end_time = excluded.end_time,
  gross_minutes = excluded.gross_minutes,
  break_minutes = excluded.break_minutes,
  net_minutes = excluded.net_minutes,
  billable_minutes = excluded.billable_minutes,
  billable_source = excluded.billable_source,
  billable_override_reason = excluded.billable_override_reason,
  billable_override_by = excluded.billable_override_by,
  billable_override_at = excluded.billable_override_at,
  auto_stopped_at_max_hours = excluded.auto_stopped_at_max_hours,
  payment_mode_snapshot = excluded.payment_mode_snapshot,
  van_plate = excluded.van_plate,
  start_km = excluded.start_km,
  end_km = excluded.end_km,
  packages_delivered = excluded.packages_delivered,
  packages_returned = excluded.packages_returned,
  packages_picked_up = excluded.packages_picked_up,
  total_stops = excluded.total_stops,
  courier_note = excluded.courier_note,
  signature_url = excluded.signature_url,
  signed_at = excluded.signed_at,
  status = excluded.status,
  submitted_at = excluded.submitted_at,
  approved_at = excluded.approved_at,
  approved_by = excluded.approved_by,
  rejection_reason = excluded.rejection_reason,
  updated_at = now();

insert into public.shift_locations (
  id,
  company_id,
  shift_id,
  location_type,
  latitude,
  longitude,
  accuracy_meters,
  depot_latitude_snapshot,
  depot_longitude_snapshot,
  distance_from_depot_meters,
  is_inside_depot_geofence,
  created_at
)
values
  (
    '90000000-0001-4000-8000-000000000001',
    '11111111-1111-4111-8111-111111111111',
    '88888888-0001-4888-8888-888888888801',
    'start',
    49.441820,
    8.484620,
    11,
    49.441900,
    8.484500,
    14,
    true,
    '2026-06-22 08:15:15+02'
  ),
  (
    '90000000-0002-4000-8000-000000000002',
    '11111111-1111-4111-8111-111111111111',
    '88888888-0002-4888-8888-888888888802',
    'start',
    49.451250,
    8.497700,
    18,
    49.441900,
    8.484500,
    1250,
    false,
    '2026-06-23 08:00:20+02'
  ),
  (
    '90000000-0003-4000-8000-000000000003',
    '11111111-1111-4111-8111-111111111111',
    '88888888-0002-4888-8888-888888888802',
    'stop',
    49.441930,
    8.484470,
    9,
    49.441900,
    8.484500,
    5,
    true,
    '2026-06-23 16:30:30+02'
  ),
  (
    '90000000-0004-4000-8000-000000000004',
    '11111111-1111-4111-8111-111111111111',
    '88888888-0003-4888-8888-888888888803',
    'start',
    49.441850,
    8.484560,
    10,
    49.441900,
    8.484500,
    8,
    true,
    '2026-06-23 07:45:20+02'
  ),
  (
    '90000000-0005-4000-8000-000000000005',
    '11111111-1111-4111-8111-111111111111',
    '88888888-0003-4888-8888-888888888803',
    'stop',
    49.441910,
    8.484520,
    8,
    49.441900,
    8.484500,
    3,
    true,
    '2026-06-23 16:20:25+02'
  ),
  (
    '90000000-0006-4000-8000-000000000006',
    '11111111-1111-4111-8111-111111111111',
    '88888888-0004-4888-8888-888888888804',
    'start',
    49.441880,
    8.484510,
    7,
    49.441900,
    8.484500,
    4,
    true,
    '2026-06-24 08:05:15+02'
  ),
  (
    '90000000-0007-4000-8000-000000000007',
    '11111111-1111-4111-8111-111111111111',
    '88888888-0004-4888-8888-888888888804',
    'stop',
    49.441970,
    8.484460,
    12,
    49.441900,
    8.484500,
    9,
    true,
    '2026-06-24 15:05:15+02'
  ),
  (
    '90000000-0008-4000-8000-000000000008',
    '11111111-1111-4111-8111-111111111111',
    '88888888-0005-4888-8888-888888888805',
    'start',
    49.441900,
    8.484500,
    6,
    49.441900,
    8.484500,
    0,
    true,
    '2026-06-24 08:00:12+02'
  ),
  (
    '90000000-0009-4000-8000-000000000009',
    '11111111-1111-4111-8111-111111111111',
    '88888888-0005-4888-8888-888888888805',
    'stop',
    49.441940,
    8.484530,
    8,
    49.441900,
    8.484500,
    5,
    true,
    '2026-06-24 17:10:15+02'
  )
on conflict (shift_id, location_type) do update
set
  company_id = excluded.company_id,
  latitude = excluded.latitude,
  longitude = excluded.longitude,
  accuracy_meters = excluded.accuracy_meters,
  depot_latitude_snapshot = excluded.depot_latitude_snapshot,
  depot_longitude_snapshot = excluded.depot_longitude_snapshot,
  distance_from_depot_meters = excluded.distance_from_depot_meters,
  is_inside_depot_geofence = excluded.is_inside_depot_geofence,
  created_at = excluded.created_at;

insert into public.shift_photos (
  id,
  company_id,
  shift_id,
  photo_type,
  storage_bucket,
  storage_path,
  mime_type,
  size_bytes,
  compressed,
  uploaded_by,
  uploaded_at,
  expires_at,
  deleted_at
)
values
  (
    'a0000000-0001-4000-8000-000000000001',
    '11111111-1111-4111-8111-111111111111',
    '88888888-0003-4888-8888-888888888803',
    'start_km',
    'shift-photos',
    'companies/11111111-1111-4111-8111-111111111111/shifts/88888888-0003-4888-8888-888888888803/photos/start-km.jpg',
    'image/jpeg',
    184220,
    true,
    '66666666-6666-4666-8666-666666666666',
    '2026-06-23 07:50:00+02',
    '2026-07-07 07:50:00+02',
    null
  ),
  (
    'a0000000-0002-4000-8000-000000000002',
    '11111111-1111-4111-8111-111111111111',
    '88888888-0003-4888-8888-888888888803',
    'end_km',
    'shift-photos',
    'companies/11111111-1111-4111-8111-111111111111/shifts/88888888-0003-4888-8888-888888888803/photos/end-km.jpg',
    'image/jpeg',
    190400,
    true,
    '66666666-6666-4666-8666-666666666666',
    '2026-06-23 16:22:00+02',
    '2026-07-07 16:22:00+02',
    null
  ),
  (
    'a0000000-0003-4000-8000-000000000003',
    '11111111-1111-4111-8111-111111111111',
    '88888888-0003-4888-8888-888888888803',
    'fahrtenbuch',
    'shift-photos',
    'companies/11111111-1111-4111-8111-111111111111/shifts/88888888-0003-4888-8888-888888888803/photos/fahrtenbuch.jpg',
    'image/jpeg',
    206120,
    true,
    '66666666-6666-4666-8666-666666666666',
    '2026-06-23 16:23:00+02',
    '2026-07-07 16:23:00+02',
    null
  ),
  (
    'a0000000-0004-4000-8000-000000000004',
    '11111111-1111-4111-8111-111111111111',
    '88888888-0003-4888-8888-888888888803',
    'mentor',
    'shift-photos',
    'companies/11111111-1111-4111-8111-111111111111/shifts/88888888-0003-4888-8888-888888888803/photos/mentor.jpg',
    'image/jpeg',
    175880,
    true,
    '66666666-6666-4666-8666-666666666666',
    '2026-06-23 16:24:00+02',
    '2026-07-07 16:24:00+02',
    null
  )
on conflict (id) do update
set
  company_id = excluded.company_id,
  shift_id = excluded.shift_id,
  photo_type = excluded.photo_type,
  storage_bucket = excluded.storage_bucket,
  storage_path = excluded.storage_path,
  mime_type = excluded.mime_type,
  size_bytes = excluded.size_bytes,
  compressed = excluded.compressed,
  uploaded_by = excluded.uploaded_by,
  uploaded_at = excluded.uploaded_at,
  expires_at = excluded.expires_at,
  deleted_at = excluded.deleted_at;

insert into public.documents (
  id,
  company_id,
  courier_profile_id,
  uploaded_by,
  document_type,
  title,
  storage_bucket,
  storage_path,
  mime_type,
  size_bytes,
  created_at
)
values
  (
    'd0c00000-0001-4000-8000-000000000001',
    '11111111-1111-4111-8111-111111111111',
    '66666666-6666-4666-8666-666666666666',
    '33333333-3333-4333-8333-333333333333',
    'payslip',
    'Abrechnung Mai 2026',
    'payslips',
    'companies/11111111-1111-4111-8111-111111111111/couriers/66666666-6666-4666-8666-666666666666/payslips/2026-05.pdf',
    'application/pdf',
    142880,
    '2026-06-05 12:15:00+02'
  ),
  (
    'd0c00000-0002-4000-8000-000000000002',
    '11111111-1111-4111-8111-111111111111',
    '55555555-5555-4555-8555-555555555555',
    '33333333-3333-4333-8333-333333333333',
    'instruction',
    'HBW3 Sicherheitsanweisung',
    'courier-documents',
    'companies/11111111-1111-4111-8111-111111111111/couriers/55555555-5555-4555-8555-555555555555/docs/hbw3-sicherheitsanweisung.pdf',
    'application/pdf',
    98840,
    '2026-06-11 10:00:00+02'
  )
on conflict (id) do update
set
  company_id = excluded.company_id,
  courier_profile_id = excluded.courier_profile_id,
  uploaded_by = excluded.uploaded_by,
  document_type = excluded.document_type,
  title = excluded.title,
  storage_bucket = excluded.storage_bucket,
  storage_path = excluded.storage_path,
  mime_type = excluded.mime_type,
  size_bytes = excluded.size_bytes,
  created_at = excluded.created_at;

insert into public.mailbox_items (
  id,
  company_id,
  courier_profile_id,
  document_id,
  title,
  message,
  category,
  read_at,
  created_by,
  created_at
)
values
  (
    'ba100000-0001-4000-8000-000000000001',
    '11111111-1111-4111-8111-111111111111',
    '66666666-6666-4666-8666-666666666666',
    'd0c00000-0001-4000-8000-000000000001',
    'Abrechnung Mai 2026',
    'Deine Abrechnung fuer Mai 2026 ist im Postfach verfuegbar.',
    'payslip',
    null,
    '33333333-3333-4333-8333-333333333333',
    '2026-06-05 12:16:00+02'
  ),
  (
    'ba100000-0002-4000-8000-000000000002',
    '11111111-1111-4111-8111-111111111111',
    '55555555-5555-4555-8555-555555555555',
    'd0c00000-0002-4000-8000-000000000002',
    'Neue Sicherheitsanweisung HBW3',
    'Bitte vor der naechsten Schicht lesen.',
    'document',
    '2026-06-11 18:25:00+02',
    '33333333-3333-4333-8333-333333333333',
    '2026-06-11 10:05:00+02'
  )
on conflict (id) do update
set
  company_id = excluded.company_id,
  courier_profile_id = excluded.courier_profile_id,
  document_id = excluded.document_id,
  title = excluded.title,
  message = excluded.message,
  category = excluded.category,
  read_at = excluded.read_at,
  created_by = excluded.created_by,
  created_at = excluded.created_at;

insert into public.audit_logs (
  id,
  company_id,
  actor_profile_id,
  target_table,
  target_id,
  action,
  before,
  after,
  reason,
  created_at
)
values
  (
    'ad000000-0001-4000-8000-000000000001',
    '11111111-1111-4111-8111-111111111111',
    '33333333-3333-4333-8333-333333333333',
    'profile_depot_access',
    '44444444-2222-4444-8444-444444444444',
    'dispatcher_depot_access_granted',
    null,
    '{"depot_id": "22222222-2222-4222-8222-222222222222"}'::jsonb,
    'Demo dispatcher scope for HBW3.',
    '2026-06-01 09:05:00+02'
  ),
  (
    'ad000000-0002-4000-8000-000000000002',
    '11111111-1111-4111-8111-111111111111',
    '33333333-3333-4333-8333-333333333333',
    'profiles',
    '55555555-5555-4555-8555-555555555555',
    'courier_approved',
    '{"status": "pending_approval"}'::jsonb,
    '{"status": "active"}'::jsonb,
    'Demo courier approved for testing.',
    '2026-06-02 10:00:00+02'
  ),
  (
    'ad000000-0003-4000-8000-000000000003',
    '11111111-1111-4111-8111-111111111111',
    '33333333-3333-4333-8333-333333333333',
    'profiles',
    '66666666-6666-4666-8666-666666666666',
    'courier_approved',
    '{"status": "pending_approval"}'::jsonb,
    '{"status": "active"}'::jsonb,
    'Demo courier approved for testing.',
    '2026-06-02 10:15:00+02'
  ),
  (
    'ad000000-0004-4000-8000-000000000004',
    '11111111-1111-4111-8111-111111111111',
    '33333333-3333-4333-8333-333333333333',
    'shifts',
    '88888888-0003-4888-8888-888888888803',
    'shift_approved',
    '{"status": "submitted"}'::jsonb,
    '{"status": "approved"}'::jsonb,
    'Demo approved shift.',
    '2026-06-24 09:10:00+02'
  ),
  (
    'ad000000-0005-4000-8000-000000000005',
    '11111111-1111-4111-8111-111111111111',
    '33333333-3333-4333-8333-333333333333',
    'shifts',
    '88888888-0004-4888-8888-888888888804',
    'shift_rejected',
    '{"status": "submitted"}'::jsonb,
    '{"status": "rejected"}'::jsonb,
    'Fahrtenbuch Foto ist unlesbar. Bitte neu hochladen.',
    '2026-06-24 15:40:00+02'
  ),
  (
    'ad000000-0006-4000-8000-000000000006',
    '11111111-1111-4111-8111-111111111111',
    '33333333-3333-4333-8333-333333333333',
    'shifts',
    '88888888-0005-4888-8888-888888888805',
    'billable_time_overridden',
    '{"billable_minutes": 500}'::jsonb,
    '{"billable_minutes": 520}'::jsonb,
    'Zusatzzeit fuer zweite Zustellfahrt nach Disposition.',
    '2026-06-25 09:05:00+02'
  ),
  (
    'ad000000-0007-4000-8000-000000000007',
    '11111111-1111-4111-8111-111111111111',
    '33333333-3333-4333-8333-333333333333',
    'shifts',
    '88888888-0005-4888-8888-888888888805',
    'shift_corrected',
    '{"status": "submitted"}'::jsonb,
    '{"status": "corrected"}'::jsonb,
    'Billable time corrected after dispatcher note.',
    '2026-06-25 09:06:00+02'
  ),
  (
    'ad000000-0008-4000-8000-000000000008',
    '11111111-1111-4111-8111-111111111111',
    '33333333-3333-4333-8333-333333333333',
    'documents',
    'd0c00000-0001-4000-8000-000000000001',
    'document_uploaded',
    null,
    '{"document_type": "payslip", "courier_profile_id": "66666666-6666-4666-8666-666666666666"}'::jsonb,
    'Demo payslip upload.',
    '2026-06-05 12:15:00+02'
  )
on conflict (id) do update
set
  company_id = excluded.company_id,
  actor_profile_id = excluded.actor_profile_id,
  target_table = excluded.target_table,
  target_id = excluded.target_id,
  action = excluded.action,
  before = excluded.before,
  after = excluded.after,
  reason = excluded.reason,
  created_at = excluded.created_at;
